n,param,method,truth,mean,bias,emp_sd,mean_se,rmse,coverage
500,psi0,naive,1.0,-0.29136354146280247,-1.2913635414628024,0.2699869454814324,0.2559592563271328,1.3192573115200137,0.004
500,psi1,naive,0.5,-0.002894894432112062,-0.5028948944321121,0.27365895988775696,0.2710607804350922,0.5724662539804484,0.525
500,psi0,corrected,1.0,0.9804619072094547,-0.019538092790545303,0.31461289007438853,0.29805740024907573,0.3150619405771671,0.924
500,psi1,corrected,0.5,0.49462126504504855,-0.005378734954951447,0.31661358748132784,0.3158082237753011,0.31650094850368826,0.96
1000,psi0,naive,1.0,-0.27492995797881464,-1.2749299579788147,0.172282467816325,0.1809184478917963,1.286506107727448,0.0
1000,psi1,naive,0.5,-0.007498937505289993,-0.50749893750529,0.18826701897476678,0.1908491105767811,0.5412616719593304,0.25
1000,psi0,corrected,1.0,0.9992117431584462,-0.0007882568415538138,0.2015530763933013,0.21066590108953692,0.2014538168162833,0.971
1000,psi1,corrected,0.5,0.49181745130661203,-0.00818254869338797,0.21975394710845114,0.22237991620505002,0.21979640482863672,0.952
2000,psi0,naive,1.0,-0.26975414082477095,-1.269754140824771,0.13004527570196533,0.1277366758295853,1.2763896114041042,0.0
2000,psi1,naive,0.5,-0.000712610797014632,-0.5007126107970147,0.13716205507072793,0.1347490449287572,0.5191413435019762,0.047
2000,psi0,corrected,1.0,1.0058784381942913,0.005878438194291347,0.14930855954889174,0.14875216177741304,0.14934961983284217,0.957
2000,psi1,corrected,0.5,0.4971623323610081,-0.002837667638991903,0.1595635257222746,0.15710676600590082,0.15950896708276754,0.943
5000,psi0,naive,1.0,-0.2781627400263246,-1.2781627400263247,0.08106720647450086,0.08080804144496663,1.2807284294748889,0.0
5000,psi1,naive,0.5,-0.0018657673403433515,-0.5018657673403434,0.08322926890341992,0.08549401130958963,0.508713507309475,0.0
5000,psi0,corrected,1.0,0.9969333462550601,-0.0030666537449398623,0.094250805626561,0.09407730819221903,0.09425357028827021,0.944
5000,psi1,corrected,0.5,0.4968963384815978,-0.00310366151840219,0.09696019720212368,0.09961434763891724,0.09696139064830932,0.96
